Каркасов Чрослав Смегмавич,24/04/23,7:00-8:00
Игнатович Фасоль Бристалбегавич,24/04/23,17:00-18:00
Газзаев Каркас СмегмаБристалбегович,24/04/23,21:00-22:00
Игнатович Фасоль Бристалбегавич,24/04/23,17:00-18:00
Игнатович Фасоль Бристалбегавич,24/04/23,16:00-17:00
Игнатович Фасоль Бристалбегавич,24/04/23,18:00-19:00
Игнатович Фасоль Бристалбегавич,24/04/23,16:00-17:00
Игнатович Фасоль Бристалбегавич,24/04/23,16:00-17:00
Игнатович Фасоль Бристалбегавич,24/04/23,17:00-18:00
Игнатович Фасоль Бристалбегавич,24/04/23,15:00-16:00
